"id","movie_name","link_to_detail","poster_link"
1,"Les évadés","http://www.imdb.com/title/tt0111161/","https://m.media-amazon.com/images/M/MV5BMDFkYTc0MGEtZmNhMC00ZDIzLWFmNTEtODM1ZmRlYWMwMWFmXkEyXkFqcGdeQXVyMTMxODk2OTU@._V1_UX182_CR0,0,182,268_AL_.jpg"
2,"Le parrain","http://www.imdb.com/title/tt0068646/","https://m.media-amazon.com/images/M/MV5BM2MyNjYxNmUtYTAwNi00MTYxLWJmNWYtYzZlODY3ZTk3OTFlXkEyXkFqcGdeQXVyNzkwMjQ5NzM@._V1_UY268_CR3,0,182,268_AL_.jpg"
3,"Le parrain, 2ème partie","http://www.imdb.com/title/tt0071562/","https://m.media-amazon.com/images/M/MV5BMWMwMGQzZTItY2JlNC00OWZiLWIyMDctNDk2ZDQ2YjRjMWQ0XkEyXkFqcGdeQXVyNzkwMjQ5NzM@._V1_UY268_CR3,0,182,268_AL_.jpg"
4,"The Dark Knight: Le chevalier noir","http://www.imdb.com/title/tt0468569/","https://m.media-amazon.com/images/M/MV5BMTMxNTMwODM0NF5BMl5BanBnXkFtZTcwODAyMTk2Mw@@._V1_UX182_CR0,0,182,268_AL_.jpg"
5,"Douze hommes en colère","http://www.imdb.com/title/tt0050083/","https://m.media-amazon.com/images/M/MV5BMWU4N2FjNzYtNTVkNC00NzQ0LTg0MjAtYTJlMjFhNGUxZDFmXkEyXkFqcGdeQXVyNjc1NTYyMjg@._V1_UX182_CR0,0,182,268_AL_.jpg"
6,"La liste de Schindler","http://www.imdb.com/title/tt0108052/","https://m.media-amazon.com/images/M/MV5BNDE4OTMxMTctNmRhYy00NWE2LTg3YzItYTk3M2UwOTU5Njg4XkEyXkFqcGdeQXVyNjU0OTQ0OTY@._V1_UX182_CR0,0,182,268_AL_.jpg"
7,"Le seigneur des anneaux: Le retour du roi","http://www.imdb.com/title/tt0167260/","https://m.media-amazon.com/images/M/MV5BNzA5ZDNlZWMtM2NhNS00NDJjLTk4NDItYTRmY2EwMWZlMTY3XkEyXkFqcGdeQXVyNzkwMjQ5NzM@._V1_UX182_CR0,0,182,268_AL_.jpg"
8,"Pulp Fiction","http://www.imdb.com/title/tt0110912/","https://m.media-amazon.com/images/M/MV5BNGNhMDIzZTUtNTBlZi00MTRlLWFjM2ItYzViMjE3YzI5MjljXkEyXkFqcGdeQXVyNzkwMjQ5NzM@._V1_UY268_CR1,0,182,268_AL_.jpg"
9,"Le bon, la brute et le truand","http://www.imdb.com/title/tt0060196/","https://m.media-amazon.com/images/M/MV5BOTQ5NDI3MTI4MF5BMl5BanBnXkFtZTgwNDQ4ODE5MDE@._V1_UX182_CR0,0,182,268_AL_.jpg"
10,"Fight Club","http://www.imdb.com/title/tt0137523/","https://m.media-amazon.com/images/M/MV5BMjJmYTNkNmItYjYyZC00MGUxLWJhNWMtZDY4Nzc1MDAwMzU5XkEyXkFqcGdeQXVyNzkwMjQ5NzM@._V1_UX182_CR0,0,182,268_AL_.jpg"
11,"Le seigneur des anneaux: La communauté de l'anneau","http://www.imdb.com/title/tt0120737/","https://m.media-amazon.com/images/M/MV5BN2EyZjM3NzUtNWUzMi00MTgxLWI0NTctMzY4M2VlOTdjZWRiXkEyXkFqcGdeQXVyNDUzOTQ5MjY@._V1_UX182_CR0,0,182,268_AL_.jpg"
12,"Forrest Gump","http://www.imdb.com/title/tt0109830/","https://m.media-amazon.com/images/M/MV5BNWIwODRlZTUtY2U3ZS00Yzg1LWJhNzYtMmZiYmEyNmU1NjMzXkEyXkFqcGdeQXVyMTQxNzMzNDI@._V1_UY268_CR1,0,182,268_AL_.jpg"
13,"Inception","http://www.imdb.com/title/tt1375666/","https://m.media-amazon.com/images/M/MV5BMjAxMzY3NjcxNF5BMl5BanBnXkFtZTcwNTI5OTM0Mw@@._V1_UX182_CR0,0,182,268_AL_.jpg"
14,"L'empire contre-attaque","http://www.imdb.com/title/tt0080684/","https://m.media-amazon.com/images/M/MV5BYmU1NDRjNDgtMzhiMi00NjZmLTg5NGItZDNiZjU5NTU4OTE0XkEyXkFqcGdeQXVyNzkwMjQ5NzM@._V1_UX182_CR0,0,182,268_AL_.jpg"
15,"Le seigneur des anneaux: Les deux tours","http://www.imdb.com/title/tt0167261/","https://m.media-amazon.com/images/M/MV5BNGE5MzIyNTAtNWFlMC00NDA2LWJiMjItMjc4Yjg1OWM5NzhhXkEyXkFqcGdeQXVyNzkwMjQ5NzM@._V1_UY268_CR0,0,182,268_AL_.jpg"
16,"Vol au-dessus d'un nid de coucou","http://www.imdb.com/title/tt0073486/","https://m.media-amazon.com/images/M/MV5BZjA0OWVhOTAtYWQxNi00YzNhLWI4ZjYtNjFjZTEyYjJlNDVlL2ltYWdlL2ltYWdlXkEyXkFqcGdeQXVyMTQxNzMzNDI@._V1_UX182_CR0,0,182,268_AL_.jpg"
17,"Les affranchis","http://www.imdb.com/title/tt0099685/","https://m.media-amazon.com/images/M/MV5BY2NkZjEzMDgtN2RjYy00YzM1LWI4ZmQtMjIwYjFjNmI3ZGEwXkEyXkFqcGdeQXVyNzkwMjQ5NzM@._V1_UX182_CR0,0,182,268_AL_.jpg"
18,"Matrix","http://www.imdb.com/title/tt0133093/","https://m.media-amazon.com/images/M/MV5BNzQzOTk3OTAtNDQ0Zi00ZTVkLWI0MTEtMDllZjNkYzNjNTc4L2ltYWdlXkEyXkFqcGdeQXVyNjU0OTQ0OTY@._V1_UX182_CR0,0,182,268_AL_.jpg"
19,"Les sept samouraïs","http://www.imdb.com/title/tt0047478/","https://m.media-amazon.com/images/M/MV5BOWE4ZDdhNmMtNzE5ZC00NzExLTlhNGMtY2ZhYjYzODEzODA1XkEyXkFqcGdeQXVyNTAyODkwOQ@@._V1_UY268_CR4,0,182,268_AL_.jpg"
20,"Avengers: Endgame","http://www.imdb.com/title/tt4154796/","https://m.media-amazon.com/images/M/MV5BMTc5MDE2ODcwNV5BMl5BanBnXkFtZTgwMzI2NzQ2NzM@._V1_UX182_CR0,0,182,268_AL_.jpg"
21,"Seven","http://www.imdb.com/title/tt0114369/","https://m.media-amazon.com/images/M/MV5BOTUwODM5MTctZjczMi00OTk4LTg3NWUtNmVhMTAzNTNjYjcyXkEyXkFqcGdeQXVyNjU0OTQ0OTY@._V1_UX182_CR0,0,182,268_AL_.jpg"
22,"La Cité de Dieu","http://www.imdb.com/title/tt0317248/","https://m.media-amazon.com/images/M/MV5BMGU5OWEwZDItNmNkMC00NzZmLTk1YTctNzVhZTJjM2NlZTVmXkEyXkFqcGdeQXVyMTMxODk2OTU@._V1_UX182_CR0,0,182,268_AL_.jpg"
23,"La guerre des étoiles","http://www.imdb.com/title/tt0076759/","https://m.media-amazon.com/images/M/MV5BNzVlY2MwMjktM2E4OS00Y2Y3LWE3ZjctYzhkZGM3YzA1ZWM2XkEyXkFqcGdeQXVyNzkwMjQ5NzM@._V1_UX182_CR0,0,182,268_AL_.jpg"
24,"Le silence des agneaux","http://www.imdb.com/title/tt0102926/","https://m.media-amazon.com/images/M/MV5BNjNhZTk0ZmEtNjJhMi00YzFlLWE1MmEtYzM1M2ZmMGMwMTU4XkEyXkFqcGdeQXVyNjU0OTQ0OTY@._V1_UX182_CR0,0,182,268_AL_.jpg"
25,"La vie est belle","http://www.imdb.com/title/tt0038650/","https://m.media-amazon.com/images/M/MV5BZjc4NDZhZWMtNGEzYS00ZWU2LThlM2ItNTA0YzQ0OTExMTE2XkEyXkFqcGdeQXVyNjUwMzI2NzU@._V1_UY268_CR1,0,182,268_AL_.jpg"
26,"La vie est belle","http://www.imdb.com/title/tt0118799/","https://m.media-amazon.com/images/M/MV5BYmJmM2Q4NmMtYThmNC00ZjRlLWEyZmItZTIwOTBlZDQ3NTQ1XkEyXkFqcGdeQXVyMTQxNzMzNDI@._V1_UX182_CR0,0,182,268_AL_.jpg"
27,"Le voyage de Chihiro","http://www.imdb.com/title/tt0245429/","https://m.media-amazon.com/images/M/MV5BNmU5OTQ0OWQtOTY0OS00Yjg4LWE1NDYtNDRhYWMxYWY4OTMwXkEyXkFqcGdeQXVyNjU0OTQ0OTY@._V1_UY268_CR3,0,182,268_AL_.jpg"
28,"Il faut sauver le soldat Ryan","http://www.imdb.com/title/tt0120815/","https://m.media-amazon.com/images/M/MV5BZjhkMDM4MWItZTVjOC00ZDRhLThmYTAtM2I5NzBmNmNlMzI1XkEyXkFqcGdeQXVyNDYyMDk5MTU@._V1_UY268_CR0,0,182,268_AL_.jpg"
29,"Usual Suspects","http://www.imdb.com/title/tt0114814/","https://m.media-amazon.com/images/M/MV5BYTViNjMyNmUtNDFkNC00ZDRlLThmMDUtZDU2YWE4NGI2ZjVmXkEyXkFqcGdeQXVyNjU0OTQ0OTY@._V1_UX182_CR0,0,182,268_AL_.jpg"
30,"Léon","http://www.imdb.com/title/tt0110413/","https://m.media-amazon.com/images/M/MV5BZDAwYTlhMDEtNTg0OS00NDY2LWJjOWItNWY3YTZkM2UxYzUzXkEyXkFqcGdeQXVyNTA4NzY1MzY@._V1_UY268_CR4,0,182,268_AL_.jpg"
31,"La ligne verte","http://www.imdb.com/title/tt0120689/","https://m.media-amazon.com/images/M/MV5BMTUxMzQyNjA5MF5BMl5BanBnXkFtZTYwOTU2NTY3._V1_UX182_CR0,0,182,268_AL_.jpg"
32,"Interstellar","http://www.imdb.com/title/tt0816692/","https://m.media-amazon.com/images/M/MV5BZjdkOTU3MDktN2IxOS00OGEyLWFmMjktY2FiMmZkNWIyODZiXkEyXkFqcGdeQXVyMTMxODk2OTU@._V1_UX182_CR0,0,182,268_AL_.jpg"
33,"Psychose","http://www.imdb.com/title/tt0054215/","https://m.media-amazon.com/images/M/MV5BNTQwNDM1YzItNDAxZC00NWY2LTk0M2UtNDIwNWI5OGUyNWUxXkEyXkFqcGdeQXVyNzkwMjQ5NzM@._V1_UX182_CR0,0,182,268_AL_.jpg"
34,"American History X","http://www.imdb.com/title/tt0120586/","https://m.media-amazon.com/images/M/MV5BZjA0MTM4MTQtNzY5MC00NzY3LWI1ZTgtYzcxMjkyMzU4MDZiXkEyXkFqcGdeQXVyNDYyMDk5MTU@._V1_UX182_CR0,0,182,268_AL_.jpg"
35,"Les lumières de la ville","http://www.imdb.com/title/tt0021749/","https://m.media-amazon.com/images/M/MV5BY2I4MmM1N2EtM2YzOS00OWUzLTkzYzctNDc5NDg2N2IyODJmXkEyXkFqcGdeQXVyNzkwMjQ5NzM@._V1_UX182_CR0,0,182,268_AL_.jpg"
36,"Casablanca","http://www.imdb.com/title/tt0034583/","https://m.media-amazon.com/images/M/MV5BY2IzZGY2YmEtYzljNS00NTM5LTgwMzUtMzM1NjQ4NGI0OTk0XkEyXkFqcGdeQXVyNDYyMDk5MTU@._V1_UX182_CR0,0,182,268_AL_.jpg"
37,"Il était une fois dans l'Ouest","http://www.imdb.com/title/tt0064116/","https://m.media-amazon.com/images/M/MV5BZGI5MjBmYzYtMzJhZi00NGI1LTk3MzItYjBjMzcxM2U3MDdiXkEyXkFqcGdeQXVyNzkwMjQ5NzM@._V1_UX182_CR0,0,182,268_AL_.jpg"
38,"Le pianiste","http://www.imdb.com/title/tt0253474/","https://m.media-amazon.com/images/M/MV5BOWRiZDIxZjktMTA1NC00MDQ2LWEzMjUtMTliZmY3NjQ3ODJiXkEyXkFqcGdeQXVyNjU0OTQ0OTY@._V1_UY268_CR6,0,182,268_AL_.jpg"
39,"Les temps modernes","http://www.imdb.com/title/tt0027977/","https://m.media-amazon.com/images/M/MV5BYjJiZjMzYzktNjU0NS00OTkxLWEwYzItYzdhYWJjN2QzMTRlL2ltYWdlL2ltYWdlXkEyXkFqcGdeQXVyNjU0OTQ0OTY@._V1_UX182_CR0,0,182,268_AL_.jpg"
40,"Intouchables","http://www.imdb.com/title/tt1675434/","https://m.media-amazon.com/images/M/MV5BMTYxNDA3MDQwNl5BMl5BanBnXkFtZTcwNTU4Mzc1Nw@@._V1_UX182_CR0,0,182,268_AL_.jpg"
41,"Les infiltrés","http://www.imdb.com/title/tt0407887/","https://m.media-amazon.com/images/M/MV5BMTI1MTY2OTIxNV5BMl5BanBnXkFtZTYwNjQ4NjY3._V1_UX182_CR0,0,182,268_AL_.jpg"
42,"Retour vers le futur","http://www.imdb.com/title/tt0088763/","https://m.media-amazon.com/images/M/MV5BZmU0M2Y1OGUtZjIxNi00ZjBkLTg1MjgtOWIyNThiZWIwYjRiXkEyXkFqcGdeQXVyMTQxNzMzNDI@._V1_UX182_CR0,0,182,268_AL_.jpg"
43,"Terminator 2 - Le jugement dernier","http://www.imdb.com/title/tt0103064/","https://m.media-amazon.com/images/M/MV5BMGU2NzRmZjUtOGUxYS00ZjdjLWEwZWItY2NlM2JhNjkxNTFmXkEyXkFqcGdeQXVyNjU0OTQ0OTY@._V1_UX182_CR0,0,182,268_AL_.jpg"
44,"The Lion King","http://www.imdb.com/title/tt0110357/","https://m.media-amazon.com/images/M/MV5BYTYxNGMyZTYtMjE3MS00MzNjLWFjNmYtMDk3N2FmM2JiM2M1XkEyXkFqcGdeQXVyNjY5NDU4NzI@._V1_UX182_CR0,0,182,268_AL_.jpg"
45,"Whiplash","http://www.imdb.com/title/tt2582802/","https://m.media-amazon.com/images/M/MV5BOTA5NDZlZGUtMjAxOS00YTRkLTkwYmMtYWQ0NWEwZDZiNjEzXkEyXkFqcGdeQXVyMTMxODk2OTU@._V1_UX182_CR0,0,182,268_AL_.jpg"
46,"Fenêtre sur cour","http://www.imdb.com/title/tt0047396/","https://m.media-amazon.com/images/M/MV5BNGUxYWM3M2MtMGM3Mi00ZmRiLWE0NGQtZjE5ODI2OTJhNTU0XkEyXkFqcGdeQXVyMTQxNzMzNDI@._V1_UY268_CR0,0,182,268_AL_.jpg"
47,"Gladiator","http://www.imdb.com/title/tt0172495/","https://m.media-amazon.com/images/M/MV5BMDliMmNhNDEtODUyOS00MjNlLTgxODEtN2U3NzIxMGVkZTA1L2ltYWdlXkEyXkFqcGdeQXVyNjU0OTQ0OTY@._V1_UX182_CR0,0,182,268_AL_.jpg"
48,"Les aventuriers de l'arche perdue","http://www.imdb.com/title/tt0082971/","https://m.media-amazon.com/images/M/MV5BMjA0ODEzMTc1Nl5BMl5BanBnXkFtZTcwODM2MjAxNA@@._V1_UX182_CR0,0,182,268_AL_.jpg"
49,"Le prestige","http://www.imdb.com/title/tt0482571/","https://m.media-amazon.com/images/M/MV5BMjA4NDI0MTIxNF5BMl5BanBnXkFtZTYwNTM0MzY2._V1_UX182_CR0,0,182,268_AL_.jpg"
50,"Apocalypse Now","http://www.imdb.com/title/tt0078788/","https://m.media-amazon.com/images/M/MV5BZTNkZmU0ZWQtZjQzMy00YTNmLWFmN2MtZGNkMmU1OThmMGYwXkEyXkFqcGdeQXVyNzkwMjQ5NzM@._V1_UX182_CR0,0,182,268_AL_.jpg"
51,"Memento","http://www.imdb.com/title/tt0209144/","https://m.media-amazon.com/images/M/MV5BZTcyNjk1MjgtOWI3Mi00YzQwLWI5MTktMzY4ZmI2NDAyNzYzXkEyXkFqcGdeQXVyNjU0OTQ0OTY@._V1_UY268_CR0,0,182,268_AL_.jpg"
52,"Alien - Le 8ème passager","http://www.imdb.com/title/tt0078748/","https://m.media-amazon.com/images/M/MV5BMmQ2MmU3NzktZjAxOC00ZDZhLTk4YzEtMDMyMzcxY2IwMDAyXkEyXkFqcGdeQXVyNzkwMjQ5NzM@._V1_UX182_CR0,0,182,268_AL_.jpg"
53,"Le tombeau des lucioles","http://www.imdb.com/title/tt0095327/","https://m.media-amazon.com/images/M/MV5BZmY2NjUzNDQtNTgxNC00M2Q4LTljOWQtMjNjNDBjNWUxNmJlXkEyXkFqcGdeQXVyNTA4NzY1MzY@._V1_UX182_CR0,0,182,268_AL_.jpg"
54,"Cinéma Paradiso","http://www.imdb.com/title/tt0095765/","https://m.media-amazon.com/images/M/MV5BM2FhYjEyYmYtMDI1Yy00YTdlLWI2NWQtYmEzNzAxOGY1NjY2XkEyXkFqcGdeQXVyNTA3NTIyNDg@._V1_UX182_CR0,0,182,268_AL_.jpg"
55,"Le dictateur","http://www.imdb.com/title/tt0032553/","https://m.media-amazon.com/images/M/MV5BMmExYWJjNTktNGUyZS00ODhmLTkxYzAtNWIzOGEyMGNiMmUwXkEyXkFqcGdeQXVyNjU0OTQ0OTY@._V1_UX182_CR0,0,182,268_AL_.jpg"
56,"Spider-Man: New Generation","http://www.imdb.com/title/tt4633694/","https://m.media-amazon.com/images/M/MV5BMjMwNDkxMTgzOF5BMl5BanBnXkFtZTgwNTkwNTQ3NjM@._V1_UX182_CR0,0,182,268_AL_.jpg"
57,"Boulevard du Crépuscule","http://www.imdb.com/title/tt0043014/","https://m.media-amazon.com/images/M/MV5BMTU0NTkyNzYwMF5BMl5BanBnXkFtZTgwMDU0NDk5MTI@._V1_UX182_CR0,0,182,268_AL_.jpg"
58,"La vie des autres","http://www.imdb.com/title/tt0405094/","https://m.media-amazon.com/images/M/MV5BOThkM2EzYmMtNDE3NS00NjlhLTg4YzktYTdhNzgyOWY3ZDYzXkEyXkFqcGdeQXVyNzQzNzQxNzI@._V1_UY268_CR3,0,182,268_AL_.jpg"
59,"Docteur Folamour, ou: Comment j'ai appris à ne plus m'en faire et à aimer la bombe","http://www.imdb.com/title/tt0057012/","https://m.media-amazon.com/images/M/MV5BZWI3ZTMxNjctMjdlNS00NmUwLWFiM2YtZDUyY2I3N2MxYTE0XkEyXkFqcGdeQXVyNzkwMjQ5NzM@._V1_UX182_CR0,0,182,268_AL_.jpg"
60,"Avengers: Infinity War","http://www.imdb.com/title/tt4154756/","https://m.media-amazon.com/images/M/MV5BMjMxNjY2MDU1OV5BMl5BanBnXkFtZTgwNzY1MTUwNTM@._V1_UX182_CR0,0,182,268_AL_.jpg"
61,"Les sentiers de la gloire","http://www.imdb.com/title/tt0050825/","https://m.media-amazon.com/images/M/MV5BNjViMmRkOTEtM2ViOS00ODg0LWJhYWEtNTBlOGQxNDczOGY3XkEyXkFqcGdeQXVyMDI2NDg0NQ@@._V1_UY268_CR6,0,182,268_AL_.jpg"
62,"Django Unchained","http://www.imdb.com/title/tt1853728/","https://m.media-amazon.com/images/M/MV5BMjIyNTQ5NjQ1OV5BMl5BanBnXkFtZTcwODg1MDU4OA@@._V1_UX182_CR0,0,182,268_AL_.jpg"
63,"Shining","http://www.imdb.com/title/tt0081505/","https://m.media-amazon.com/images/M/MV5BZWFlYmY2MGEtZjVkYS00YzU4LTg0YjQtYzY1ZGE3NTA5NGQxXkEyXkFqcGdeQXVyMTQxNzMzNDI@._V1_UX182_CR0,0,182,268_AL_.jpg"
64,"Wall-E","http://www.imdb.com/title/tt0910970/","https://m.media-amazon.com/images/M/MV5BMjExMTg5OTU0NF5BMl5BanBnXkFtZTcwMjMxMzMzMw@@._V1_UX182_CR0,0,182,268_AL_.jpg"
65,"Princesse Mononoké","http://www.imdb.com/title/tt0119698/","https://m.media-amazon.com/images/M/MV5BMTVlNWM4NTAtNDQxYi00YWU5LWIwM2MtZmVjYWFmODZiODE5XkEyXkFqcGdeQXVyNjU0OTQ0OTY@._V1_UY268_CR4,0,182,268_AL_.jpg"
66,"Témoin à charge","http://www.imdb.com/title/tt0051201/","https://m.media-amazon.com/images/M/MV5BZjEwMmE5MzYtYWExYy00ZjEzLTk4MjUtMmJmNzgxY2MxN2U1XkEyXkFqcGdeQXVyMTg2NTc4MzA@._V1_UY268_CR12,0,182,268_AL_.jpg"
67,"Old Boy","http://www.imdb.com/title/tt0364569/","https://m.media-amazon.com/images/M/MV5BMTI3NTQyMzU5M15BMl5BanBnXkFtZTcwMTM2MjgyMQ@@._V1_UX182_CR0,0,182,268_AL_.jpg"
68,"The Dark Knight Rises","http://www.imdb.com/title/tt1345836/","https://m.media-amazon.com/images/M/MV5BMTk4ODQzNDY3Ml5BMl5BanBnXkFtZTcwODA0NTM4Nw@@._V1_UX182_CR0,0,182,268_AL_.jpg"
69,"Aliens - Le retour","http://www.imdb.com/title/tt0090605/","https://m.media-amazon.com/images/M/MV5BZGU2OGY5ZTYtMWNhYy00NjZiLWI0NjUtZmNhY2JhNDRmODU3XkEyXkFqcGdeQXVyNzkwMjQ5NzM@._V1_UX182_CR0,0,182,268_AL_.jpg"
70,"American Beauty","http://www.imdb.com/title/tt0169547/","https://m.media-amazon.com/images/M/MV5BNTBmZWJkNjctNDhiNC00MGE2LWEwOTctZTk5OGVhMWMyNmVhXkEyXkFqcGdeQXVyMTMxODk2OTU@._V1_UX182_CR0,0,182,268_AL_.jpg"
71,"Il était une fois en Amérique","http://www.imdb.com/title/tt0087843/","https://m.media-amazon.com/images/M/MV5BMGFkNWI4MTMtNGQ0OC00MWVmLTk3MTktOGYxN2Y2YWVkZWE2XkEyXkFqcGdeQXVyNjU0OTQ0OTY@._V1_UX182_CR0,0,182,268_AL_.jpg"
72,"Coco","http://www.imdb.com/title/tt2380307/","https://m.media-amazon.com/images/M/MV5BYjQ5NjM0Y2YtNjZkNC00ZDhkLWJjMWItN2QyNzFkMDE3ZjAxXkEyXkFqcGdeQXVyODIxMzk5NjA@._V1_UY268_CR3,0,182,268_AL_.jpg"
73,"Le bateau","http://www.imdb.com/title/tt0082096/","https://m.media-amazon.com/images/M/MV5BNGRmOWY0MGUtNTVhMy00NzRlLTljNDAtNTBiNTRlODgxNmY2XkEyXkFqcGdeQXVyNjc1NTYyMjg@._V1_UY268_CR4,0,182,268_AL_.jpg"
74,"Citizen Kane","http://www.imdb.com/title/tt0033467/","https://m.media-amazon.com/images/M/MV5BYjBiOTYxZWItMzdiZi00NjlkLWIzZTYtYmFhZjhiMTljOTdkXkEyXkFqcGdeQXVyNzkwMjQ5NzM@._V1_UX182_CR0,0,182,268_AL_.jpg"
75,"Braveheart","http://www.imdb.com/title/tt0112573/","https://m.media-amazon.com/images/M/MV5BMzkzMmU0YTYtOWM3My00YzBmLWI0YzctOGYyNTkwMWE5MTJkXkEyXkFqcGdeQXVyNzkwMjQ5NzM@._V1_UX182_CR0,0,182,268_AL_.jpg"
76,"Sueurs froides","http://www.imdb.com/title/tt0052357/","https://m.media-amazon.com/images/M/MV5BYTE4ODEwZDUtNDFjOC00NjAxLWEzYTQtYTI1NGVmZmFlNjdiL2ltYWdlL2ltYWdlXkEyXkFqcGdeQXVyNjc1NTYyMjg@._V1_UX182_CR0,0,182,268_AL_.jpg"
77,"Your Name.","http://www.imdb.com/title/tt5311514/","https://m.media-amazon.com/images/M/MV5BODRmZDVmNzUtZDA4ZC00NjhkLWI2M2UtN2M0ZDIzNDcxYThjL2ltYWdlXkEyXkFqcGdeQXVyNTk0MzMzODA@._V1_UX182_CR0,0,182,268_AL_.jpg"
78,"La mort aux trousses","http://www.imdb.com/title/tt0053125/","https://m.media-amazon.com/images/M/MV5BZDA3NDExMTUtMDlhOC00MmQ5LWExZGUtYmI1NGVlZWI4OWNiXkEyXkFqcGdeQXVyNjc1NTYyMjg@._V1_UX182_CR0,0,182,268_AL_.jpg"
79,"Reservoir Dogs","http://www.imdb.com/title/tt0105236/","https://m.media-amazon.com/images/M/MV5BZmExNmEwYWItYmQzOS00YjA5LTk2MjktZjEyZDE1Y2QxNjA1XkEyXkFqcGdeQXVyMTQxNzMzNDI@._V1_UX182_CR0,0,182,268_AL_.jpg"
80,"Le retour du Jedi","http://www.imdb.com/title/tt0086190/","https://m.media-amazon.com/images/M/MV5BOWZlMjFiYzgtMTUzNC00Y2IzLTk1NTMtZmNhMTczNTk0ODk1XkEyXkFqcGdeQXVyNTAyODkwOQ@@._V1_UX182_CR0,0,182,268_AL_.jpg"
81,"M le maudit","http://www.imdb.com/title/tt0022100/","https://m.media-amazon.com/images/M/MV5BODA4ODk3OTEzMF5BMl5BanBnXkFtZTgwMTQ2ODMwMzE@._V1_UX182_CR0,0,182,268_AL_.jpg"
82,"Amadeus","http://www.imdb.com/title/tt0086879/","https://m.media-amazon.com/images/M/MV5BNWJlNzUzNGMtYTAwMS00ZjI2LWFmNWQtODcxNWUxODA5YmU1XkEyXkFqcGdeQXVyNTIzOTk5ODM@._V1_UX182_CR0,0,182,268_AL_.jpg"
83,"Requiem for a Dream","http://www.imdb.com/title/tt0180093/","https://m.media-amazon.com/images/M/MV5BOTdiNzJlOWUtNWMwNS00NmFlLWI0YTEtZmI3YjIzZWUyY2Y3XkEyXkFqcGdeQXVyNjU0OTQ0OTY@._V1_UX182_CR0,0,182,268_AL_.jpg"
84,"3 Idiots","http://www.imdb.com/title/tt1187043/","https://m.media-amazon.com/images/M/MV5BNTkyOGVjMGEtNmQzZi00NzFlLTlhOWQtODYyMDc2ZGJmYzFhXkEyXkFqcGdeQXVyNjU0OTQ0OTY@._V1_UY268_CR2,0,182,268_AL_.jpg"
85,"Dangal","http://www.imdb.com/title/tt5074352/","https://m.media-amazon.com/images/M/MV5BMTQ4MzQzMzM2Nl5BMl5BanBnXkFtZTgwMTQ1NzU3MDI@._V1_UY268_CR4,0,182,268_AL_.jpg"
86,"Toy Story","http://www.imdb.com/title/tt0114709/","https://m.media-amazon.com/images/M/MV5BMDU2ZWJlMjktMTRhMy00ZTA5LWEzNDgtYmNmZTEwZTViZWJkXkEyXkFqcGdeQXVyNDQ2OTk4MzI@._V1_UX182_CR0,0,182,268_AL_.jpg"
87,"2001, l'odyssée de l'espace","http://www.imdb.com/title/tt0062622/","https://m.media-amazon.com/images/M/MV5BMmNlYzRiNDctZWNhMi00MzI4LThkZTctMTUzMmZkMmFmNThmXkEyXkFqcGdeQXVyNzkwMjQ5NzM@._V1_UX182_CR0,0,182,268_AL_.jpg"
88,"Taare Zameen Par","http://www.imdb.com/title/tt0986264/","https://m.media-amazon.com/images/M/MV5BNTVmYTk2NjAtYzY3MS00YjFjLTlkYzktYzg3YzMyZDQyOWRiXkEyXkFqcGdeQXVyNjQ2MjQ5NzM@._V1_UY268_CR2,0,182,268_AL_.jpg"
89,"Eternal Sunshine of the Spotless Mind","http://www.imdb.com/title/tt0338013/","https://m.media-amazon.com/images/M/MV5BMTY4NzcwODg3Nl5BMl5BanBnXkFtZTcwNTEwOTMyMw@@._V1_UX182_CR0,0,182,268_AL_.jpg"
90,"Lawrence d'Arabie","http://www.imdb.com/title/tt0056172/","https://m.media-amazon.com/images/M/MV5BYWY5ZjhjNGYtZmI2Ny00ODM0LWFkNzgtZmI1YzA2N2MxMzA0XkEyXkFqcGdeQXVyNjUwNzk3NDc@._V1_UY268_CR2,0,182,268_AL_.jpg"
91,"Orange mécanique","http://www.imdb.com/title/tt0066921/","https://m.media-amazon.com/images/M/MV5BMTY3MjM1Mzc4N15BMl5BanBnXkFtZTgwODM0NzAxMDE@._V1_UX182_CR0,0,182,268_AL_.jpg"
92,"Chantons sous la pluie","http://www.imdb.com/title/tt0045152/","https://m.media-amazon.com/images/M/MV5BMWUyNjQ5MTAtNDJhYS00MWQ0LTk2ZTAtZmE4MWNlMjMwMzg3XkEyXkFqcGdeQXVyNTA4NzY1MzY@._V1_UX182_CR0,0,182,268_AL_.jpg"
93,"Inglourious Basterds","http://www.imdb.com/title/tt0361748/","https://m.media-amazon.com/images/M/MV5BOTJiNDEzOWYtMTVjOC00ZjlmLWE0NGMtZmE1OWVmZDQ2OWJhXkEyXkFqcGdeQXVyNTIzOTk5ODM@._V1_UX182_CR0,0,182,268_AL_.jpg"
94,"Le fabuleux destin d'Amélie Poulain","http://www.imdb.com/title/tt0211915/","https://m.media-amazon.com/images/M/MV5BNDg4NjM1YjMtYmNhZC00MjM0LWFiZmYtNGY1YjA3MzZmODc5XkEyXkFqcGdeQXVyNDk3NzU2MTQ@._V1_UX182_CR0,0,182,268_AL_.jpg"
95,"Assurance sur la mort","http://www.imdb.com/title/tt0036775/","https://m.media-amazon.com/images/M/MV5BOGZiZjFiMWItN2NkZC00MjEwLTk4YzEtNTMwOTlmOGM3ZGJkXkEyXkFqcGdeQXVyMzAxNjg3MjQ@._V1_UX182_CR0,0,182,268_AL_.jpg"
96,"Taxi Driver","http://www.imdb.com/title/tt0075314/","https://m.media-amazon.com/images/M/MV5BM2M1MmVhNDgtNmI0YS00ZDNmLTkyNjctNTJiYTQ2N2NmYzc2XkEyXkFqcGdeQXVyNzkwMjQ5NzM@._V1_UX182_CR0,0,182,268_AL_.jpg"
97,"Full Metal Jacket","http://www.imdb.com/title/tt0093058/","https://m.media-amazon.com/images/M/MV5BNzkxODk0NjEtYjc4Mi00ZDI0LTgyYjEtYzc1NDkxY2YzYTgyXkEyXkFqcGdeQXVyNzkwMjQ5NzM@._V1_UX182_CR0,0,182,268_AL_.jpg"
98,"Du silence et des ombres...","http://www.imdb.com/title/tt0056592/","https://m.media-amazon.com/images/M/MV5BNmVmYzcwNzMtMWM1NS00MWIyLThlMDEtYzUwZDgzODE1NmE2XkEyXkFqcGdeQXVyNzkwMjQ5NzM@._V1_UX182_CR0,0,182,268_AL_.jpg"
99,"Le voleur de bicyclette","http://www.imdb.com/title/tt0040522/","https://m.media-amazon.com/images/M/MV5BNmI1ODdjODctMDlmMC00ZWViLWI5MzYtYzRhNDdjYmM3MzFjXkEyXkFqcGdeQXVyMTMxODk2OTU@._V1_UY268_CR2,0,182,268_AL_.jpg"
100,"Will Hunting","http://www.imdb.com/title/tt0119217/","https://m.media-amazon.com/images/M/MV5BOTI0MzcxMTYtZDVkMy00NjY1LTgyMTYtZmUxN2M3NmQ2NWJhXkEyXkFqcGdeQXVyMTQxNzMzNDI@._V1_UX182_CR0,0,182,268_AL_.jpg"
101,"Le Kid","http://www.imdb.com/title/tt0012349/","https://m.media-amazon.com/images/M/MV5BZjhhMThhNDItNTY2MC00MmU1LTliNDEtNDdhZjdlNTY5ZDQ1XkEyXkFqcGdeQXVyNjc1NTYyMjg@._V1_UX182_CR0,0,182,268_AL_.jpg"
102,"L'arnaque","http://www.imdb.com/title/tt0070735/","https://m.media-amazon.com/images/M/MV5BNGU3NjQ4YTMtZGJjOS00YTQ3LThmNmItMTI5MDE2ODI3NzY3XkEyXkFqcGdeQXVyMjUzOTY1NTc@._V1_UX182_CR0,0,182,268_AL_.jpg"
103,"Toy Story 3","http://www.imdb.com/title/tt0435761/","https://m.media-amazon.com/images/M/MV5BMTgxOTY4Mjc0MF5BMl5BanBnXkFtZTcwNTA4MDQyMw@@._V1_UY268_CR3,0,182,268_AL_.jpg"
104,"La chasse","http://www.imdb.com/title/tt2106476/","https://m.media-amazon.com/images/M/MV5BMTg2NDg3ODg4NF5BMl5BanBnXkFtZTcwNzk3NTc3Nw@@._V1_UY268_CR3,0,182,268_AL_.jpg"
105,"Snatch - Tu braques ou tu raques","http://www.imdb.com/title/tt0208092/","https://m.media-amazon.com/images/M/MV5BMTA2NDYxOGYtYjU1Mi00Y2QzLTgxMTQtMWI1MGI0ZGQ5MmU4XkEyXkFqcGdeQXVyNDk3NzU2MTQ@._V1_UY268_CR0,0,182,268_AL_.jpg"
106,"Scarface","http://www.imdb.com/title/tt0086250/","https://m.media-amazon.com/images/M/MV5BNjdjNGQ4NDEtNTEwYS00MTgxLTliYzQtYzE2ZDRiZjFhZmNlXkEyXkFqcGdeQXVyNjU0OTQ0OTY@._V1_UX182_CR0,0,182,268_AL_.jpg"
107,"Et pour quelques dollars de plus","http://www.imdb.com/title/tt0059578/","https://m.media-amazon.com/images/M/MV5BNWM1NmYyM2ItMTFhNy00NDU0LThlYWUtYjQyYTJmOTY0ZmM0XkEyXkFqcGdeQXVyNjU0OTQ0OTY@._V1_UX182_CR0,0,182,268_AL_.jpg"
108,"La garçonnière","http://www.imdb.com/title/tt0053604/","https://m.media-amazon.com/images/M/MV5BNzkwODFjNzItMmMwNi00MTU5LWE2MzktM2M4ZDczZGM1MmViXkEyXkFqcGdeQXVyNDY2MTk1ODk@._V1_UX182_CR0,0,182,268_AL_.jpg"
109,"Metropolis","http://www.imdb.com/title/tt0017136/","https://m.media-amazon.com/images/M/MV5BMTg5YWIyMWUtZDY5My00Zjc1LTljOTctYmI0MWRmY2M2NmRkXkEyXkFqcGdeQXVyMTMxODk2OTU@._V1_UX182_CR0,0,182,268_AL_.jpg"
110,"Monty Python sacré graal!","http://www.imdb.com/title/tt0071853/","https://m.media-amazon.com/images/M/MV5BN2IyNTE4YzUtZWU0Mi00MGIwLTgyMmQtMzQ4YzQxYWNlYWE2XkEyXkFqcGdeQXVyNjU0OTQ0OTY@._V1_UX182_CR0,0,182,268_AL_.jpg"
111,"L.A. Confidential","http://www.imdb.com/title/tt0119488/","https://m.media-amazon.com/images/M/MV5BMDQ2YzEyZGItYWRhOS00MjBmLTkzMDUtMTdjYzkyMmQxZTJlXkEyXkFqcGdeQXVyNjU0OTQ0OTY@._V1_UY268_CR0,0,182,268_AL_.jpg"
112,"Une séparation","http://www.imdb.com/title/tt1832382/","https://m.media-amazon.com/images/M/MV5BMTYzMzU4NDUwOF5BMl5BanBnXkFtZTcwMTM5MjA5Ng@@._V1_UX182_CR0,0,182,268_AL_.jpg"
113,"Indiana Jones et la dernière croisade","http://www.imdb.com/title/tt0097576/","https://m.media-amazon.com/images/M/MV5BMjNkMzc2N2QtNjVlNS00ZTk5LTg0MTgtODY2MDAwNTMwZjBjXkEyXkFqcGdeQXVyNDk3NzU2MTQ@._V1_UX182_CR0,0,182,268_AL_.jpg"
114,"Là-haut","http://www.imdb.com/title/tt1049413/","https://m.media-amazon.com/images/M/MV5BMTk3NDE2NzI4NF5BMl5BanBnXkFtZTgwNzE1MzEyMTE@._V1_UX182_CR0,0,182,268_AL_.jpg"
115,"Rashômon","http://www.imdb.com/title/tt0042876/","https://m.media-amazon.com/images/M/MV5BMTk1MDU5MjQ5NF5BMl5BanBnXkFtZTgwMDM2OTE4MzE@._V1_UY268_CR3,0,182,268_AL_.jpg"
116,"Ève","http://www.imdb.com/title/tt0042192/","https://m.media-amazon.com/images/M/MV5BMTY2MTAzODI5NV5BMl5BanBnXkFtZTgwMjM4NzQ0MjE@._V1_UX182_CR0,0,182,268_AL_.jpg"
117,"Batman Begins","http://www.imdb.com/title/tt0372784/","https://m.media-amazon.com/images/M/MV5BZmUwNGU2ZmItMmRiNC00MjhlLTg5YWUtODMyNzkxODYzMmZlXkEyXkFqcGdeQXVyNTIzOTk5ODM@._V1_UY268_CR9,0,182,268_AL_.jpg"
118,"Certains l'aiment chaud","http://www.imdb.com/title/tt0053291/","https://m.media-amazon.com/images/M/MV5BNzAyOGIxYjAtMGY2NC00ZTgyLWIwMWEtYzY0OWQ4NDFjOTc5XkEyXkFqcGdeQXVyNjU0OTQ0OTY@._V1_UX182_CR0,0,182,268_AL_.jpg"
119,"Le garde du corps","http://www.imdb.com/title/tt0055630/","https://m.media-amazon.com/images/M/MV5BZThiZjAzZjgtNDU3MC00YThhLThjYWUtZGRkYjc2ZWZlOTVjXkEyXkFqcGdeQXVyNTA4NzY1MzY@._V1_UX182_CR0,0,182,268_AL_.jpg"
120,"Toy Story 4","http://www.imdb.com/title/tt1979376/","https://m.media-amazon.com/images/M/MV5BMTYzMDM4NzkxOV5BMl5BanBnXkFtZTgwNzM1Mzg2NzM@._V1_UX182_CR0,0,182,268_AL_.jpg"
121,"La chute","http://www.imdb.com/title/tt0363163/","https://m.media-amazon.com/images/M/MV5BZDFmNzI3YmItMTMyMy00YjE1LTliYTgtN2Q4M2QzZDE5MTlhXkEyXkFqcGdeQXVyMTQxNzMzNDI@._V1_UX182_CR0,0,182,268_AL_.jpg"
122,"Piège de cristal","http://www.imdb.com/title/tt0095016/","https://m.media-amazon.com/images/M/MV5BZjRlNDUxZjAtOGQ4OC00OTNlLTgxNmQtYTBmMDgwZmNmNjkxXkEyXkFqcGdeQXVyNzkwMjQ5NzM@._V1_UX182_CR0,0,182,268_AL_.jpg"
123,"Impitoyable","http://www.imdb.com/title/tt0105695/","https://m.media-amazon.com/images/M/MV5BODM3YWY4NmQtN2Y3Ni00OTg0LWFhZGQtZWE3ZWY4MTJlOWU4XkEyXkFqcGdeQXVyNjU0OTQ0OTY@._V1_UX182_CR0,0,182,268_AL_.jpg"
124,"Heat","http://www.imdb.com/title/tt0113277/","https://m.media-amazon.com/images/M/MV5BNDc0YTQ5NGEtM2NkYS00MWRhLThiNzAtNmY3NWU3YzNkMjIyXkEyXkFqcGdeQXVyNzkwMjQ5NzM@._V1_UX182_CR0,0,182,268_AL_.jpg"
125,"Incendies","http://www.imdb.com/title/tt1255953/","https://m.media-amazon.com/images/M/MV5BMjEyNTA3Njk4M15BMl5BanBnXkFtZTcwMzkzMzY3Mw@@._V1_UY268_CR2,0,182,268_AL_.jpg"
126,"Le trésor de la Sierra Madre","http://www.imdb.com/title/tt0040897/","https://m.media-amazon.com/images/M/MV5BOTJlZWMxYzEtMjlkMS00ODE0LThlM2ItMDI3NGQ2YjhmMzkxXkEyXkFqcGdeQXVyMDI2NDg0NQ@@._V1_UX182_CR0,0,182,268_AL_.jpg"
127,"Vivre","http://www.imdb.com/title/tt0044741/","https://m.media-amazon.com/images/M/MV5BMTliYThjNGEtYTRiMy00MWMzLTgyNzEtYTU3NTU3M2YwMTNjXkEyXkFqcGdeQXVyMjgyNjk3MzE@._V1_UY268_CR4,0,182,268_AL_.jpg"
128,"Green Book: Sur les routes du sud","http://www.imdb.com/title/tt6966692/","https://m.media-amazon.com/images/M/MV5BYzIzYmJlYTYtNGNiYy00N2EwLTk4ZjItMGYyZTJiOTVkM2RlXkEyXkFqcGdeQXVyODY1NDk1NjE@._V1_UX182_CR0,0,182,268_AL_.jpg"
129,"Raging Bull","http://www.imdb.com/title/tt0081398/","https://m.media-amazon.com/images/M/MV5BYjRmODkzNDItMTNhNi00YjJlLTg0ZjAtODlhZTM0YzgzYThlXkEyXkFqcGdeQXVyNzQ1ODk3MTQ@._V1_UX182_CR0,0,182,268_AL_.jpg"
130,"La grande évasion","http://www.imdb.com/title/tt0057115/","https://m.media-amazon.com/images/M/MV5BNzA2NmYxMWUtNzBlMC00MWM2LTkwNmQtYTFlZjQwODNhOWE0XkEyXkFqcGdeQXVyNTIzOTk5ODM@._V1_UX182_CR0,0,182,268_AL_.jpg"
131,"Les enfants du ciel","http://www.imdb.com/title/tt0118849/","https://m.media-amazon.com/images/M/MV5BZTYwZWQ4ZTQtZWU0MS00N2YwLWEzMDItZWFkZWY0MWVjODVhXkEyXkFqcGdeQXVyNjU0OTQ0OTY@._V1_UX182_CR0,0,182,268_AL_.jpg"
132,"Le labyrinthe de Pan","http://www.imdb.com/title/tt0457430/","https://m.media-amazon.com/images/M/MV5BMTU3ODg2NjQ5NF5BMl5BanBnXkFtZTcwMDEwODgzMQ@@._V1_UY268_CR0,0,182,268_AL_.jpg"
133,"Chinatown","http://www.imdb.com/title/tt0071315/","https://m.media-amazon.com/images/M/MV5BOGMwYmY5ZmEtMzY1Yi00OWJiLTk1Y2MtMzI2MjBhYmZkNTQ0XkEyXkFqcGdeQXVyNzkwMjQ5NzM@._V1_UX182_CR0,0,182,268_AL_.jpg"
134,"Mon voisin Totoro","http://www.imdb.com/title/tt0096283/","https://m.media-amazon.com/images/M/MV5BNTdiOTQ0YmUtOGE3YS00NDg5LWI3YTEtNDAxZmE0MzRmZWM5L2ltYWdlXkEyXkFqcGdeQXVyNTAyODkwOQ@@._V1_UY268_CR6,0,182,268_AL_.jpg"
135,"Le château ambulant","http://www.imdb.com/title/tt0347149/","https://m.media-amazon.com/images/M/MV5BZTRhY2QwM2UtNWRlNy00ZWQwLTg3MjktZThmNjQ3NTdjN2IxXkEyXkFqcGdeQXVyMzg2MzE2OTE@._V1_UY268_CR5,0,182,268_AL_.jpg"
136,"Ran","http://www.imdb.com/title/tt0089881/","https://m.media-amazon.com/images/M/MV5BZDBjZTM4ZmEtOTA5ZC00NTQzLTkyNzYtMmUxNGU2YjI5YjU5L2ltYWdlXkEyXkFqcGdeQXVyNTAyODkwOQ@@._V1_UY268_CR3,0,182,268_AL_.jpg"
137,"Le troisième homme","http://www.imdb.com/title/tt0041959/","https://m.media-amazon.com/images/M/MV5BYjE2OTdhMWUtOGJlMy00ZDViLWIzZjgtYjZkZGZmMDZjYmEyXkEyXkFqcGdeQXVyNzkwMjQ5NzM@._V1_UX182_CR0,0,182,268_AL_.jpg"
138,"Mon père et mon fils","http://www.imdb.com/title/tt0476735/","https://m.media-amazon.com/images/M/MV5BNjAzMzEwYzctNjc1MC00Nzg5LWFmMGItMTgzYmMyNTY2OTQ4XkEyXkFqcGdeQXVyNjU0OTQ0OTY@._V1_UY268_CR2,0,182,268_AL_.jpg"
139,"Jugement à Nuremberg","http://www.imdb.com/title/tt0055031/","https://m.media-amazon.com/images/M/MV5BZDZjMTIwZTQtNTM3OS00OTUyLWI5MTMtOTNjYWVkNzhjMWIxXkEyXkFqcGdeQXVyNTc1NTQxODI@._V1_UX182_CR0,0,182,268_AL_.jpg"
140,"Dans ses yeux","http://www.imdb.com/title/tt1305806/","https://m.media-amazon.com/images/M/MV5BMTgwNTI3OTczOV5BMl5BanBnXkFtZTcwMTM3MTUyMw@@._V1_UX182_CR0,0,182,268_AL_.jpg"
141,"La ruée vers l'or","http://www.imdb.com/title/tt0015864/","https://m.media-amazon.com/images/M/MV5BZjEyOTE4MzMtNmMzMy00Mzc3LWJlOTQtOGJiNDE0ZmJiOTU4L2ltYWdlXkEyXkFqcGdeQXVyNTAyODkwOQ@@._V1_UY268_CR7,0,182,268_AL_.jpg"
142,"Un homme d'exception","http://www.imdb.com/title/tt0268978/","https://m.media-amazon.com/images/M/MV5BMzcwYWFkYzktZjAzNC00OGY1LWI4YTgtNzc5MzVjMDVmNjY0XkEyXkFqcGdeQXVyMTQxNzMzNDI@._V1_UX182_CR0,0,182,268_AL_.jpg"
143,"Le pont de la rivière Kwaï","http://www.imdb.com/title/tt0050212/","https://m.media-amazon.com/images/M/MV5BMGVhNjhjODktODgxYS00MDdhLTlkZjktYTkyNzQxMTU0ZDYxXkEyXkFqcGdeQXVyNzkwMjQ5NzM@._V1_UX182_CR0,0,182,268_AL_.jpg"
144,"Casino","http://www.imdb.com/title/tt0112641/","https://m.media-amazon.com/images/M/MV5BMTcxOWYzNDYtYmM4YS00N2NkLTk0NTAtNjg1ODgwZjAxYzI3XkEyXkFqcGdeQXVyNTA4NzY1MzY@._V1_UX182_CR0,0,182,268_AL_.jpg"
145,"Arnaques, crimes et botanique","http://www.imdb.com/title/tt0120735/","https://m.media-amazon.com/images/M/MV5BMTAyN2JmZmEtNjAyMy00NzYwLThmY2MtYWQ3OGNhNjExMmM4XkEyXkFqcGdeQXVyNDk3NzU2MTQ@._V1_UX182_CR0,0,182,268_AL_.jpg"
146,"Le septième sceau","http://www.imdb.com/title/tt0050976/","https://m.media-amazon.com/images/M/MV5BNWE2NmMwZjgtOWYxYy00NWU0LTkzOGUtYTg4Yjk3MDFmY2IyXkEyXkFqcGdeQXVyMTMxODk2OTU@._V1_UX182_CR0,0,182,268_AL_.jpg"
147,"3 Billboards: Les panneaux de la vengeance","http://www.imdb.com/title/tt5027774/","https://m.media-amazon.com/images/M/MV5BMjMxNzgwMDUyMl5BMl5BanBnXkFtZTgwMTQ0NTIyNDM@._V1_UX182_CR0,0,182,268_AL_.jpg"
148,"Sur les quais","http://www.imdb.com/title/tt0047296/","https://m.media-amazon.com/images/M/MV5BY2I0MWFiZDMtNWQyYy00Njk5LTk3MDktZjZjNTNmZmVkYjkxXkEyXkFqcGdeQXVyNjc1NTYyMjg@._V1_UX182_CR0,0,182,268_AL_.jpg"
149,"Le loup de Wall Street","http://www.imdb.com/title/tt0993846/","https://m.media-amazon.com/images/M/MV5BMjIxMjgxNTk0MF5BMl5BanBnXkFtZTgwNjIyOTg2MDE@._V1_UX182_CR0,0,182,268_AL_.jpg"
150,"Elephant Man","http://www.imdb.com/title/tt0080678/","https://m.media-amazon.com/images/M/MV5BMDVjNjIwOGItNDE3Ny00OThjLWE0NzQtZTU3YjMzZTZjMzhkXkEyXkFqcGdeQXVyMTQxNzMzNDI@._V1_UX182_CR0,0,182,268_AL_.jpg"
151,"Vice-versa","http://www.imdb.com/title/tt2096673/","https://m.media-amazon.com/images/M/MV5BOTgxMDQwMDk0OF5BMl5BanBnXkFtZTgwNjU5OTg2NDE@._V1_UX182_CR0,0,182,268_AL_.jpg"
152,"V pour vendetta","http://www.imdb.com/title/tt0434409/","https://m.media-amazon.com/images/M/MV5BYzllMjJkODAtYjMwMi00YmNhLWFhYzAtZjZjODg5YzEwOGUwXkEyXkFqcGdeQXVyNjU0OTQ0OTY@._V1_UY268_CR0,0,182,268_AL_.jpg"
153,"Mr. Smith au sénat","http://www.imdb.com/title/tt0031679/","https://m.media-amazon.com/images/M/MV5BZTYwYjYxYzgtMDE1Ni00NzU4LWJlMTEtODQ5YmJmMGJhZjI5L2ltYWdlXkEyXkFqcGdeQXVyMDI2NDg0NQ@@._V1_UX182_CR0,0,182,268_AL_.jpg"
154,"There Will Be Blood","http://www.imdb.com/title/tt0469494/","https://m.media-amazon.com/images/M/MV5BMjAxODQ4MDU5NV5BMl5BanBnXkFtZTcwMDU4MjU1MQ@@._V1_UX182_CR0,0,182,268_AL_.jpg"
155,"Warrior","http://www.imdb.com/title/tt1291584/","https://m.media-amazon.com/images/M/MV5BMTk4ODk5MTMyNV5BMl5BanBnXkFtZTcwMDMyNTg0Ng@@._V1_UX182_CR0,0,182,268_AL_.jpg"
156,"Blade Runner","http://www.imdb.com/title/tt0083658/","https://m.media-amazon.com/images/M/MV5BNzQzMzJhZTEtOWM4NS00MTdhLTg0YjgtMjM4MDRkZjUwZDBlXkEyXkFqcGdeQXVyNjU0OTQ0OTY@._V1_UX182_CR0,0,182,268_AL_.jpg"
157,"Room","http://www.imdb.com/title/tt3170832/","https://m.media-amazon.com/images/M/MV5BMjE4NzgzNzEwMl5BMl5BanBnXkFtZTgwMTMzMDE0NjE@._V1_UX182_CR0,0,182,268_AL_.jpg"
158,"No Country for Old Men - Non, ce pays n'est pas pour le vieil homme","http://www.imdb.com/title/tt0477348/","https://m.media-amazon.com/images/M/MV5BMjA5Njk3MjM4OV5BMl5BanBnXkFtZTcwMTc5MTE1MQ@@._V1_UY268_CR0,0,182,268_AL_.jpg"
159,"Le crime était presque parfait","http://www.imdb.com/title/tt0046912/","https://m.media-amazon.com/images/M/MV5BOWIwODIxYWItZDI4MS00YzhhLWE3MmYtMzlhZDIwOTMzZmE5L2ltYWdlXkEyXkFqcGdeQXVyNjc1NTYyMjg@._V1_UX182_CR0,0,182,268_AL_.jpg"
160,"Sixième sens","http://www.imdb.com/title/tt0167404/","https://m.media-amazon.com/images/M/MV5BMWM4NTFhYjctNzUyNi00NGMwLTk3NTYtMDIyNTZmMzRlYmQyXkEyXkFqcGdeQXVyMTAwMzUyOTc@._V1_UX182_CR0,0,182,268_AL_.jpg"
161,"Les fraises sauvages","http://www.imdb.com/title/tt0050986/","https://m.media-amazon.com/images/M/MV5BM2NiYjhmMzctMzliMC00NDBlLWJkYzItZjIwYjYzNDg3OGQzXkEyXkFqcGdeQXVyMzAxNjg3MjQ@._V1_UX182_CR0,0,182,268_AL_.jpg"
162,"Trainspotting","http://www.imdb.com/title/tt0117951/","https://m.media-amazon.com/images/M/MV5BMzA5Zjc3ZTMtMmU5YS00YTMwLWI4MWUtYTU0YTVmNjVmODZhXkEyXkFqcGdeQXVyNjU0OTQ0OTY@._V1_UX182_CR0,0,182,268_AL_.jpg"
163,"Le mécano de la Générale","http://www.imdb.com/title/tt0017925/","https://m.media-amazon.com/images/M/MV5BYmRiMDFlYjYtOTMwYy00OGY2LWE0Y2QtYzQxOGNhZmUwNTIxXkEyXkFqcGdeQXVyNzkwMjQ5NzM@._V1_UX182_CR0,0,182,268_AL_.jpg"
164,"Autant en emporte le vent","http://www.imdb.com/title/tt0031381/","https://m.media-amazon.com/images/M/MV5BYjUyZWZkM2UtMzYxYy00ZmQ3LWFmZTQtOGE2YjBkNjA3YWZlXkEyXkFqcGdeQXVyNzkwMjQ5NzM@._V1_UX182_CR0,0,182,268_AL_.jpg"
165,"The Thing","http://www.imdb.com/title/tt0084787/","https://m.media-amazon.com/images/M/MV5BNDcyZmFjY2YtN2I1OC00MzU3LWIzZGEtZDA5N2VlNDJjYWI3L2ltYWdlXkEyXkFqcGdeQXVyNTAyODkwOQ@@._V1_UX182_CR0,0,182,268_AL_.jpg"
166,"Fargo","http://www.imdb.com/title/tt0116282/","https://m.media-amazon.com/images/M/MV5BNDJiZDgyZjctYmRjMS00ZjdkLTkwMTEtNGU1NDg3NDQ0Yzk1XkEyXkFqcGdeQXVyNzkwMjQ5NzM@._V1_UX182_CR0,0,182,268_AL_.jpg"
167,"Requiem pour un massacre","http://www.imdb.com/title/tt0091251/","https://m.media-amazon.com/images/M/MV5BODM4Njg0NTAtYjI5Ny00ZjAxLTkwNmItZTMxMWU5M2U3M2RjXkEyXkFqcGdeQXVyNzkwMjQ5NzM@._V1_UX182_CR0,0,182,268_AL_.jpg"
168,"Andhadhun","http://www.imdb.com/title/tt8108198/","https://m.media-amazon.com/images/M/MV5BZWZhMjhhZmYtOTIzOC00MGYzLWI1OGYtM2ZkN2IxNTI4ZWI3XkEyXkFqcGdeQXVyNDAzNDk0MTQ@._V1_UY268_CR1,0,182,268_AL_.jpg"
169,"Le monde de Nemo","http://www.imdb.com/title/tt0266543/","https://m.media-amazon.com/images/M/MV5BZTAzNWZlNmUtZDEzYi00ZjA5LWIwYjEtZGM1NWE1MjE4YWRhXkEyXkFqcGdeQXVyNjU0OTQ0OTY@._V1_UX182_CR0,0,182,268_AL_.jpg"
170,"Gran Torino","http://www.imdb.com/title/tt1205489/","https://m.media-amazon.com/images/M/MV5BMTc5NTk2OTU1Nl5BMl5BanBnXkFtZTcwMDc3NjAwMg@@._V1_UX182_CR0,0,182,268_AL_.jpg"
171,"Voyage au bout de l'enfer","http://www.imdb.com/title/tt0077416/","https://m.media-amazon.com/images/M/MV5BNDhmNTA0ZDMtYjhkNS00NzEzLWIzYTItOGNkMTVmYjE2YmI3XkEyXkFqcGdeQXVyNzkwMjQ5NzM@._V1_UX182_CR0,0,182,268_AL_.jpg"
172,"Shutter Island","http://www.imdb.com/title/tt1130884/","https://m.media-amazon.com/images/M/MV5BYzhiNDkyNzktNTZmYS00ZTBkLTk2MDAtM2U0YjU1MzgxZjgzXkEyXkFqcGdeQXVyMTMxODk2OTU@._V1_UX182_CR0,0,182,268_AL_.jpg"
173,"The Big Lebowski","http://www.imdb.com/title/tt0118715/","https://m.media-amazon.com/images/M/MV5BMTQ0NjUzMDMyOF5BMl5BanBnXkFtZTgwODA1OTU0MDE@._V1_UX182_CR0,0,182,268_AL_.jpg"
174,"Kill Bill: Volume I","http://www.imdb.com/title/tt0266697/","https://m.media-amazon.com/images/M/MV5BNzM3NDFhYTAtYmU5Mi00NGRmLTljYjgtMDkyODQ4MjNkMGY2XkEyXkFqcGdeQXVyNzkwMjQ5NzM@._V1_UX182_CR0,0,182,268_AL_.jpg"
175,"Sherlock Jr.","http://www.imdb.com/title/tt0015324/","https://m.media-amazon.com/images/M/MV5BZWFhOGU5NDctY2Q3YS00Y2VlLWI1NzEtZmIwY2ZiZjY4OTA2XkEyXkFqcGdeQXVyMDI2NDg0NQ@@._V1_UX182_CR0,0,182,268_AL_.jpg"
176,"Luke la main froide","http://www.imdb.com/title/tt0061512/","https://m.media-amazon.com/images/M/MV5BOWFlNzZhYmYtYTI5YS00MDQyLWIyNTUtNTRjMWUwNTEzNjA0XkEyXkFqcGdeQXVyNjUwNzk3NDc@._V1_UX182_CR0,0,182,268_AL_.jpg"
177,"Mary et Max.","http://www.imdb.com/title/tt0978762/","https://m.media-amazon.com/images/M/MV5BMDgzYjQwMDMtNGUzYi00MTRmLWIyMGMtNjE1OGZkNzY2YWIzL2ltYWdlXkEyXkFqcGdeQXVyNjU0OTQ0OTY@._V1_UY268_CR3,0,182,268_AL_.jpg"
178,"Voyage à Tokyo","http://www.imdb.com/title/tt0046438/","https://m.media-amazon.com/images/M/MV5BYWQ4ZTRiODktNjAzZC00Nzg1LTk1YWQtNDFmNDI0NmZiNGIwXkEyXkFqcGdeQXVyNzkwMjQ5NzM@._V1_UY268_CR2,0,182,268_AL_.jpg"
179,"Tu ne tueras point","http://www.imdb.com/title/tt2119532/","https://m.media-amazon.com/images/M/MV5BMjQ1NjM3MTUxNV5BMl5BanBnXkFtZTgwMDc5MTY5OTE@._V1_UX182_CR0,0,182,268_AL_.jpg"
180,"Rebecca","http://www.imdb.com/title/tt0032976/","https://m.media-amazon.com/images/M/MV5BYTcxYWExOTMtMWFmYy00ZjgzLWI0YjktNWEzYzJkZTg0NDdmL2ltYWdlXkEyXkFqcGdeQXVyNjc1NTYyMjg@._V1_UY268_CR2,0,182,268_AL_.jpg"
181,"Jurassic Park","http://www.imdb.com/title/tt0107290/","https://m.media-amazon.com/images/M/MV5BMjM2MDgxMDg0Nl5BMl5BanBnXkFtZTgwNTM2OTM5NDE@._V1_UX182_CR0,0,182,268_AL_.jpg"
182,"Dragons","http://www.imdb.com/title/tt0892769/","https://m.media-amazon.com/images/M/MV5BMjA5NDQyMjc2NF5BMl5BanBnXkFtZTcwMjg5ODcyMw@@._V1_UX182_CR0,0,182,268_AL_.jpg"
183,"Gone Girl","http://www.imdb.com/title/tt2267998/","https://m.media-amazon.com/images/M/MV5BMTk0MDQ3MzAzOV5BMl5BanBnXkFtZTgwNzU1NzE3MjE@._V1_UX182_CR0,0,182,268_AL_.jpg"
184,"Les nouveaux sauvages","http://www.imdb.com/title/tt3011894/","https://m.media-amazon.com/images/M/MV5BNzAzMjA1ODAxOV5BMl5BanBnXkFtZTgwODg4NTQzNDE@._V1_UX182_CR0,0,182,268_AL_.jpg"
185,"The Truman Show","http://www.imdb.com/title/tt0120382/","https://m.media-amazon.com/images/M/MV5BMDIzODcyY2EtMmY2MC00ZWVlLTgwMzAtMjQwOWUyNmJjNTYyXkEyXkFqcGdeQXVyNDk3NzU2MTQ@._V1_UX182_CR0,0,182,268_AL_.jpg"
186,"Stalker","http://www.imdb.com/title/tt0079944/","https://m.media-amazon.com/images/M/MV5BMDgwODNmMGItMDcwYi00OWZjLTgyZjAtMGYwMmI4N2Q0NmJmXkEyXkFqcGdeQXVyNzY1MTU0Njk@._V1_UY268_CR4,0,182,268_AL_.jpg"
187,"The Grand Budapest hotel","http://www.imdb.com/title/tt2278388/","https://m.media-amazon.com/images/M/MV5BMzM5NjUxOTEyMl5BMl5BanBnXkFtZTgwNjEyMDM0MDE@._V1_UX182_CR0,0,182,268_AL_.jpg"
188,"Au nom du père","http://www.imdb.com/title/tt0107207/","https://m.media-amazon.com/images/M/MV5BMmYyOTgwYWItYmU3Ny00M2E2LTk0NWMtMDVlNmQ0MWZiMTMxXkEyXkFqcGdeQXVyNzkwMjQ5NzM@._V1_UX182_CR0,0,182,268_AL_.jpg"
189,"L'aurore","http://www.imdb.com/title/tt0018455/","https://m.media-amazon.com/images/M/MV5BNDVkYmYwM2ItNzRiMy00NWQ4LTlhMjMtNDI1ZDYyOGVmMzJjXkEyXkFqcGdeQXVyNTgzMzU5MDI@._V1_UX182_CR0,0,182,268_AL_.jpg"
190,"Stand by me - Compte sur moi","http://www.imdb.com/title/tt0092005/","https://m.media-amazon.com/images/M/MV5BODJmY2Y2OGQtMDg2My00N2Q3LWJmZTUtYTc2ODBjZDVlNDlhXkEyXkFqcGdeQXVyMTQxNzMzNDI@._V1_UX182_CR0,0,182,268_AL_.jpg"
191,"Memories of Murder","http://www.imdb.com/title/tt0353969/","https://m.media-amazon.com/images/M/MV5BMzhlNGJhYzUtZTNiMi00MjI0LWFjN2MtOTVlN2IxODVkZWVkXkEyXkFqcGdeQXVyMTMxODk2OTU@._V1_UY268_CR1,0,182,268_AL_.jpg"
192,"New York - Miami","http://www.imdb.com/title/tt0025316/","https://m.media-amazon.com/images/M/MV5BZmViYmM5OTYtNGQ4Ny00YjQyLThiNjEtYTE4MGZhZTNmZjcyL2ltYWdlL2ltYWdlXkEyXkFqcGdeQXVyNjU0OTQ0OTY@._V1_UX182_CR0,0,182,268_AL_.jpg"
193,"Platoon","http://www.imdb.com/title/tt0091763/","https://m.media-amazon.com/images/M/MV5BM2Y1NTQyNWYtNDViNy00ZWRhLTk3MTMtOTI3ZGQ5MDFiNWM4XkEyXkFqcGdeQXVyNzkwMjQ5NzM@._V1_UX182_CR0,0,182,268_AL_.jpg"
194,"Into the Wild","http://www.imdb.com/title/tt0758758/","https://m.media-amazon.com/images/M/MV5BMTAwNDEyODU1MjheQTJeQWpwZ15BbWU2MDc3NDQwNw@@._V1_UX182_CR0,0,182,268_AL_.jpg"
195,"Network - Main basse sur la TV","http://www.imdb.com/title/tt0074958/","https://m.media-amazon.com/images/M/MV5BNmFiOWY3ZTktOTYwNy00ZTUzLTk0ODQtNzIxMzQ0ZDFjMTgyXkEyXkFqcGdeQXVyNTc1NTQxODI@._V1_UX182_CR0,0,182,268_AL_.jpg"
196,"Persona","http://www.imdb.com/title/tt0060827/","https://m.media-amazon.com/images/M/MV5BYzI1ZjUwYmEtNWNmNS00NjgyLTlhNmUtNjA2YmFhYmIyMzVkXkEyXkFqcGdeQXVyMTA2ODMzMDU@._V1_UY268_CR5,0,182,268_AL_.jpg"
197,"La vie de Brian","http://www.imdb.com/title/tt0079470/","https://m.media-amazon.com/images/M/MV5BMzAwNjU1OTktYjY3Mi00NDY5LWFlZWUtZjhjNGE0OTkwZDkwXkEyXkFqcGdeQXVyMTQxNzMzNDI@._V1_UX182_CR0,0,182,268_AL_.jpg"
198,"Ben-Hur","http://www.imdb.com/title/tt0052618/","https://m.media-amazon.com/images/M/MV5BNjgxY2JiZDYtZmMwOC00ZmJjLWJmODUtMTNmNWNmYWI5ODkwL2ltYWdlL2ltYWdlXkEyXkFqcGdeQXVyNjc1NTYyMjg@._V1_UX182_CR0,0,182,268_AL_.jpg"
199,"12 Years a Slave","http://www.imdb.com/title/tt2024544/","https://m.media-amazon.com/images/M/MV5BMjExMTEzODkyN15BMl5BanBnXkFtZTcwNTU4NTc4OQ@@._V1_UX182_CR0,0,182,268_AL_.jpg"
200,"Million Dollar Baby","http://www.imdb.com/title/tt0405159/","https://m.media-amazon.com/images/M/MV5BMTkxNzA1NDQxOV5BMl5BanBnXkFtZTcwNTkyMTIzMw@@._V1_UX182_CR0,0,182,268_AL_.jpg"
201,"Before Sunrise","http://www.imdb.com/title/tt0112471/","https://m.media-amazon.com/images/M/MV5BZDdiZTAwYzAtMDI3Ni00OTRjLTkzN2UtMGE3MDMyZmU4NTU4XkEyXkFqcGdeQXVyNjU0OTQ0OTY@._V1_UX182_CR0,0,182,268_AL_.jpg"
202,"Hôtel Rwanda","http://www.imdb.com/title/tt0395169/","https://m.media-amazon.com/images/M/MV5BZGJjYmIzZmQtNWE4Yy00ZGVmLWJkZGEtMzUzNmQ4ZWFlMjRhXkEyXkFqcGdeQXVyMTMxODk2OTU@._V1_UX182_CR0,0,182,268_AL_.jpg"
203,"Prisoners","http://www.imdb.com/title/tt1392214/","https://m.media-amazon.com/images/M/MV5BMTg0NTIzMjQ1NV5BMl5BanBnXkFtZTcwNDc3MzM5OQ@@._V1_UX182_CR0,0,182,268_AL_.jpg"
204,"Mad Max: Fury Road","http://www.imdb.com/title/tt1392190/","https://m.media-amazon.com/images/M/MV5BN2EwM2I5OWMtMGQyMi00Zjg1LWJkNTctZTdjYTA4OGUwZjMyXkEyXkFqcGdeQXVyMTMxODk2OTU@._V1_UX182_CR0,0,182,268_AL_.jpg"
205,"Logan","http://www.imdb.com/title/tt3315342/","https://m.media-amazon.com/images/M/MV5BYzc5MTU4N2EtYTkyMi00NjdhLTg3NWEtMTY4OTEyMzJhZTAzXkEyXkFqcGdeQXVyNjc1NTYyMjg@._V1_UX182_CR0,0,182,268_AL_.jpg"
206,"Hatchi","http://www.imdb.com/title/tt1028532/","https://m.media-amazon.com/images/M/MV5BNzE4NDg5OWMtMzg3NC00ZDRjLTllMDMtZTRjNWZmNjBmMGZlXkEyXkFqcGdeQXVyMTMxODk2OTU@._V1_UY268_CR3,0,182,268_AL_.jpg"
207,"Eskiya le bandit","http://www.imdb.com/title/tt0116231/","https://m.media-amazon.com/images/M/MV5BOGQ4ZjFmYjktOGNkNS00OWYyLWIyZjgtMGJjM2U1ZTA0ZTlhXkEyXkFqcGdeQXVyNTA4NzY1MzY@._V1_UY268_CR4,0,182,268_AL_.jpg"
208,"Rush","http://www.imdb.com/title/tt1979320/","https://m.media-amazon.com/images/M/MV5BOWEwODJmZDItYTNmZC00OGM4LThlNDktOTQzZjIzMGQxODA4XkEyXkFqcGdeQXVyNjU0OTQ0OTY@._V1_UX182_CR0,0,182,268_AL_.jpg"
209,"Le salaire de la peur","http://www.imdb.com/title/tt0046268/","https://m.media-amazon.com/images/M/MV5BZDdkNzMwZmUtY2Q5MS00ZmM2LWJhYjItYTBjMWY0MGM4MDRjXkEyXkFqcGdeQXVyNTA4NzY1MzY@._V1_UY268_CR1,0,182,268_AL_.jpg"
210,"Arrête-moi si tu peux","http://www.imdb.com/title/tt0264464/","https://m.media-amazon.com/images/M/MV5BMTY5MzYzNjc5NV5BMl5BanBnXkFtZTYwNTUyNTc2._V1_UX182_CR0,0,182,268_AL_.jpg"
211,"Les quatre cents coups","http://www.imdb.com/title/tt0053198/","https://m.media-amazon.com/images/M/MV5BYTQ4MjA4NmYtYjRhNi00MTEwLTg0NjgtNjk3ODJlZGU4NjRkL2ltYWdlL2ltYWdlXkEyXkFqcGdeQXVyNjU0OTQ0OTY@._V1_UY268_CR10,0,182,268_AL_.jpg"
212,"Spotlight","http://www.imdb.com/title/tt1895587/","https://m.media-amazon.com/images/M/MV5BMjIyOTM5OTIzNV5BMl5BanBnXkFtZTgwMDkzODE2NjE@._V1_UX182_CR0,0,182,268_AL_.jpg"
213,"Amours chiennes","http://www.imdb.com/title/tt0245712/","https://m.media-amazon.com/images/M/MV5BMWJhOTg5MWQtYTJjMi00YmFkLTg4ODgtYmU2YWVhODQ4ZDM3XkEyXkFqcGdeQXVyMTAwMzUyOTc@._V1_UX182_CR0,0,182,268_AL_.jpg"
214,"Andreï Roublev","http://www.imdb.com/title/tt0060107/","https://m.media-amazon.com/images/M/MV5BMjhkN2Q3MzctNzJiOC00OTc5LWIwOWYtNWRiYWUyMDk0MGZiXkEyXkFqcGdeQXVyNTAyODkwOQ@@._V1_UX182_CR0,0,182,268_AL_.jpg"
215,"Harry Potter et les reliques de la mort: 2ème partie","http://www.imdb.com/title/tt1201607/","https://m.media-amazon.com/images/M/MV5BMjIyZGU4YzUtNDkzYi00ZDRhLTljYzctYTMxMDQ4M2E0Y2YxXkEyXkFqcGdeQXVyNTIzOTk5ODM@._V1_UX182_CR0,0,182,268_AL_.jpg"
216,"Neon Genesis Evangelion: The End of Evangelion","http://www.imdb.com/title/tt0169858/","https://m.media-amazon.com/images/M/MV5BOTFhODJjMzktNDhjMy00MmM4LWI5NWQtMDdhOGU1NzYxNzE1XkEyXkFqcGdeQXVyNTA4NzY1MzY@._V1_UY268_CR2,0,182,268_AL_.jpg"
217,"Nausicaä de la vallée du vent","http://www.imdb.com/title/tt0087544/","https://m.media-amazon.com/images/M/MV5BODJiNmUzYmQtZTNhNS00NjY0LThmYjMtOTliOTM1NTdkYzY1XkEyXkFqcGdeQXVyNjU0OTQ0OTY@._V1_UY268_CR3,0,182,268_AL_.jpg"
218,"La passion de Jeanne d'Arc","http://www.imdb.com/title/tt0019254/","https://m.media-amazon.com/images/M/MV5BMTFkYjg3ZjMtMWMwMC00ZTFhLThlNjgtYTQ2YzlkZGI5MWVmXkEyXkFqcGdeQXVyNTA2NDc4OA@@._V1_UY268_CR2,0,182,268_AL_.jpg"
219,"Princess Bride","http://www.imdb.com/title/tt0093779/","https://m.media-amazon.com/images/M/MV5BMGM4M2Q5N2MtNThkZS00NTc1LTk1NTItNWEyZjJjNDRmNDk5XkEyXkFqcGdeQXVyMjA0MDQ0Mjc@._V1_UX182_CR0,0,182,268_AL_.jpg"
220,"Barry Lyndon","http://www.imdb.com/title/tt0072684/","https://m.media-amazon.com/images/M/MV5BNmY0MWY2NDctZDdmMi00MjA1LTk0ZTQtZDMyZTQ1NTNlYzVjXkEyXkFqcGdeQXVyMjUzOTY1NTc@._V1_UX182_CR0,0,182,268_AL_.jpg"
221,"Rocky","http://www.imdb.com/title/tt0075148/","https://m.media-amazon.com/images/M/MV5BMTY5MDMzODUyOF5BMl5BanBnXkFtZTcwMTQ3NTMyNA@@._V1_UX182_CR0,0,182,268_AL_.jpg"
222,"Butch Cassidy et le Kid","http://www.imdb.com/title/tt0064115/","https://m.media-amazon.com/images/M/MV5BMTkyMTM2NDk5Nl5BMl5BanBnXkFtZTgwNzY1NzEyMDE@._V1_UX182_CR0,0,182,268_AL_.jpg"
223,"Rang De Basanti","http://www.imdb.com/title/tt0405508/","https://m.media-amazon.com/images/M/MV5BM2I3OGU1YmQtNjIyOC00OGYzLWFkOTgtOGIyMDVlNmE2M2VmXkEyXkFqcGdeQXVyODE5NzE3OTE@._V1_UY268_CR3,0,182,268_AL_.jpg"
224,"Monstres et Cie","http://www.imdb.com/title/tt0198781/","https://m.media-amazon.com/images/M/MV5BMTY1NTI0ODUyOF5BMl5BanBnXkFtZTgwNTEyNjQ0MDE@._V1_UX182_CR0,0,182,268_AL_.jpg"
225,"Le cercle des poètes disparus","http://www.imdb.com/title/tt0097165/","https://m.media-amazon.com/images/M/MV5BOGYwYWNjMzgtNGU4ZC00NWQ2LWEwZjUtMzE1Zjc3NjY3YTU1XkEyXkFqcGdeQXVyMTQxNzMzNDI@._V1_UX182_CR0,0,182,268_AL_.jpg"
226,"Les raisins de la colère","http://www.imdb.com/title/tt0032551/","https://m.media-amazon.com/images/M/MV5BNzJiOGI2MjctYjUyMS00ZjkzLWE2ZmUtOTg4NTZkOTNhZDc1L2ltYWdlXkEyXkFqcGdeQXVyNjc1NTYyMjg@._V1_UX182_CR0,0,182,268_AL_.jpg"
227,"Terminator","http://www.imdb.com/title/tt0088247/","https://m.media-amazon.com/images/M/MV5BYTViNzMxZjEtZGEwNy00MDNiLWIzNGQtZDY2MjQ1OWViZjFmXkEyXkFqcGdeQXVyNzkwMjQ5NzM@._V1_UX182_CR0,0,182,268_AL_.jpg"
228,"Le faucon maltais","http://www.imdb.com/title/tt0033870/","https://m.media-amazon.com/images/M/MV5BZjIwNGM1ZTUtOThjYS00NDdiLTk2ZDYtNGY5YjJkNzliM2JjL2ltYWdlL2ltYWdlXkEyXkFqcGdeQXVyMDI2NDg0NQ@@._V1_UX182_CR0,0,182,268_AL_.jpg"
229,"Mademoiselle","http://www.imdb.com/title/tt4016934/","https://m.media-amazon.com/images/M/MV5BNTE3NTI2NzE3OV5BMl5BanBnXkFtZTgwNDEzMjc4ODE@._V1_UY268_CR0,0,182,268_AL_.jpg"
230,"La haine","http://www.imdb.com/title/tt0113247/","https://m.media-amazon.com/images/M/MV5BNDNiOTA5YjktY2Q0Ni00ODgzLWE5MWItNGExOWRlYjY2MjBlXkEyXkFqcGdeQXVyNjQ2MjQ5NzM@._V1_UY268_CR3,0,182,268_AL_.jpg"
231,"Gandhi","http://www.imdb.com/title/tt0083987/","https://m.media-amazon.com/images/M/MV5BMzJiZDRmOWUtYjE2MS00Mjc1LTg1ZDYtNTQxYWJkZTg1OTM4XkEyXkFqcGdeQXVyNjUwNzk3NDc@._V1_UX182_CR0,0,182,268_AL_.jpg"
232,"In the Mood for Love","http://www.imdb.com/title/tt0118694/","https://m.media-amazon.com/images/M/MV5BYjZjODRlMjQtMjJlYy00ZDBjLTkyYTQtZGQxZTk5NzJhYmNmXkEyXkFqcGdeQXVyMTQxNzMzNDI@._V1_UY268_CR3,0,182,268_AL_.jpg"
233,"Donnie Darko","http://www.imdb.com/title/tt0246578/","https://m.media-amazon.com/images/M/MV5BZjZlZDlkYTktMmU1My00ZDBiLWFlNjEtYTBhNjVhOTM4ZjJjXkEyXkFqcGdeQXVyMTMxODk2OTU@._V1_UX182_CR0,0,182,268_AL_.jpg"
234,"Un jour sans fin","http://www.imdb.com/title/tt0107048/","https://m.media-amazon.com/images/M/MV5BZWIxNzM5YzQtY2FmMS00Yjc3LWI1ZjUtNGVjMjMzZTIxZTIxXkEyXkFqcGdeQXVyNjU0OTQ0OTY@._V1_UX182_CR0,0,182,268_AL_.jpg"
235,"La couleur des sentiments","http://www.imdb.com/title/tt1454029/","https://m.media-amazon.com/images/M/MV5BMTM5OTMyMjIxOV5BMl5BanBnXkFtZTcwNzU4MjIwNQ@@._V1_UX182_CR0,0,182,268_AL_.jpg"
236,"Les diaboliques","http://www.imdb.com/title/tt0046911/","https://m.media-amazon.com/images/M/MV5BOTc1OGQzMjMtNTkxYy00OTBlLWJmZjMtYWQ4NzZjNDE1YjkxXkEyXkFqcGdeQXVyMDUyOTUyNQ@@._V1_UY268_CR6,0,182,268_AL_.jpg"
237,"Le magicien d'Oz","http://www.imdb.com/title/tt0032138/","https://m.media-amazon.com/images/M/MV5BNjUyMTc4MDExMV5BMl5BanBnXkFtZTgwNDg0NDIwMjE@._V1_UX182_CR0,0,182,268_AL_.jpg"
238,"Les gardiens de la galaxie","http://www.imdb.com/title/tt2015381/","https://m.media-amazon.com/images/M/MV5BMTAwMjU5OTgxNjZeQTJeQWpwZ15BbWU4MDUxNDYxODEx._V1_UX182_CR0,0,182,268_AL_.jpg"
239,"Les dents de la mer","http://www.imdb.com/title/tt0073195/","https://m.media-amazon.com/images/M/MV5BMmVmODY1MzEtYTMwZC00MzNhLWFkNDMtZjAwM2EwODUxZTA5XkEyXkFqcGdeQXVyNTAyODkwOQ@@._V1_UX182_CR0,0,182,268_AL_.jpg"
240,"Before Sunset","http://www.imdb.com/title/tt0381681/","https://m.media-amazon.com/images/M/MV5BMTQ1MjAwNTM5Ml5BMl5BanBnXkFtZTYwNDM0MTc3._V1_UX182_CR0,0,182,268_AL_.jpg"
241,"Le château dans le ciel","http://www.imdb.com/title/tt0092067/","https://m.media-amazon.com/images/M/MV5BNTg0NmI1ZGQtZTUxNC00NTgxLThjMDUtZmRlYmEzM2MwOWYwXkEyXkFqcGdeQXVyMzM4MjM0Nzg@._V1_UY268_CR2,0,182,268_AL_.jpg"
242,"Épouses et concubines","http://www.imdb.com/title/tt0101640/","https://m.media-amazon.com/images/M/MV5BYjNiMDAyOTUtNTg5Ny00NTE4LThlZmYtYmNlNjUwOTlmNWZhL2ltYWdlL2ltYWdlXkEyXkFqcGdeQXVyNjc1NTYyMjg@._V1_UX182_CR0,0,182,268_AL_.jpg"
243,"Pirates des Caraïbes - La malédiction du Black Pearl","http://www.imdb.com/title/tt0325980/","https://m.media-amazon.com/images/M/MV5BNGYyZGM5MGMtYTY2Ni00M2Y1LWIzNjQtYWUzM2VlNGVhMDNhXkEyXkFqcGdeQXVyMTMxODk2OTU@._V1_UX182_CR0,0,182,268_AL_.jpg"
244,"Paris, Texas","http://www.imdb.com/title/tt0087884/","https://m.media-amazon.com/images/M/MV5BM2RjMmU3ZWItYzBlMy00ZmJkLWE5YzgtNTVkODdhOWM3NGZhXkEyXkFqcGdeQXVyNDA5Mjg5MjA@._V1_UX182_CR0,0,182,268_AL_.jpg"
245,"La Belle et la Bête","http://www.imdb.com/title/tt0101414/","https://m.media-amazon.com/images/M/MV5BMzE5MDM1NDktY2I0OC00YWI5LTk2NzUtYjczNDczOWQxYjM0XkEyXkFqcGdeQXVyMTQxNzMzNDI@._V1_UX182_CR0,0,182,268_AL_.jpg"
246,"Akira","http://www.imdb.com/title/tt0094625/","https://m.media-amazon.com/images/M/MV5BM2ZiZTk1ODgtMTZkNS00NTYxLWIxZTUtNWExZGYwZTRjODViXkEyXkFqcGdeQXVyMTE2MzA3MDM@._V1_UX182_CR0,0,182,268_AL_.jpg"
247,"L'exorciste","http://www.imdb.com/title/tt0070047/","https://m.media-amazon.com/images/M/MV5BYjhmMGMxZDYtMTkyNy00YWVmLTgyYmUtYTU3ZjcwNTBjN2I1XkEyXkFqcGdeQXVyNzkwMjQ5NzM@._V1_UX182_CR0,0,182,268_AL_.jpg"
248,"Un après-midi de chien","http://www.imdb.com/title/tt0072890/","https://m.media-amazon.com/images/M/MV5BMzljMjBhODItYTYyYi00NzMwLTkyZDQtNjQ4MWU0MzhmNDU4XkEyXkFqcGdeQXVyMTA0MjU0Ng@@._V1_UX182_CR0,0,182,268_AL_.jpg"
249,"Le chant de la mer","http://www.imdb.com/title/tt1865505/","https://m.media-amazon.com/images/M/MV5BMTQ2MDMwNjEwNV5BMl5BanBnXkFtZTgwOTkxMzI0MzE@._V1_UY268_CR1,0,182,268_AL_.jpg"
250,"Drishyam","http://www.imdb.com/title/tt4430212/","https://m.media-amazon.com/images/M/MV5BYmJhZmJlYTItZmZlNy00MGY0LTg0ZGMtNWFkYWU5NTA1YTNhXkEyXkFqcGdeQXVyODE5NzE3OTE@._V1_UY268_CR1,0,182,268_AL_.jpg"
